Arrival rate,N - small,N - big,Nw- small,Nw - big,Ns- small,Ns - big,Rt,Rt- small,Rt - big,Wt,Wt- small,Wt - big,Utilization
0.0414705728588346,0.03748481877050618,0.04149466721898323,0.0001613031952719393,2.409436052580861e-05,0.037323515575234244,0.04147057285845743,1.9044705810632223,1.0043217578804913,10.0058099897078,0.0044705810172634775,0.0043217578193206945,0.005809989798748517,0.02102687639466023
0.0829411457176692,0.07594688641688777,0.08313686448944989,0.0012998552592965932,0.00019571877373490508,0.07464703115759118,0.082941145715715,1.918031750463842,1.0174133552404092,10.02359730747474,0.018031750346473592,0.01741335508382035,0.02359730771035281,0.042053752788776176
0.12441171857650377,0.116398166671487,0.12508138574660305,0.004427619894310635,0.000669667179975854,0.11197054677717637,0.12441171856662718,1.9409711173598043,1.0395427197810412,10.053826695568675,0.04097111697040054,0.03954271926016344,0.05382669636253434,0.06308062918001028
0.1658822914353384,0.15990549028563347,0.16749023732486268,0.010611427867038559,0.0016079459112850504,0.1492940624185949,0.16588229141357763,1.9736629195173399,1.0710773612220974,10.09693294417452,0.07366291888418224,0.07107736037283158,0.0969329454863381,0.08410750556943408
0.20735286429417296,0.20760897186275726,0.21053309989443053,0.02099139381226459,0.003180235632586895,0.18661757805049267,0.20735286426184363,2.0165724412852417,1.112483476841685,10.153373121277253,0.11657244054540296,0.11248347584640361,0.15337312283639706,0.10513438195944129
0.24882343715300753,0.2607412470636371,0.25438863394451755,0.036800152997609525,0.00556519690250514,0.22394109406602755,0.24882343704201243,2.070262700741445,1.164329614815277,10.223660474076961,0.17026269866235788,0.16432961200953564,0.22366047853775797,0.12616125831839706
0.29029401001184213,0.3206484651950888,0.2992463847626623,0.05938385558510283,0.008952374858351863,0.261264609609986,0.2902940099043105,2.135403517049709,1.2272939163452041,10.308389923390257,0.23540351535557694,0.2272939140512535,0.3083899270944883,0.14718813471473324
0.3317645828706767,0.3888139016655195,0.3453092054979229,0.09022577576034597,0.013544622868285124,0.29858812590517353,0.33176458262963776,2.2127832356644492,1.302174700376089,10.408260053259692,0.312783232407545,0.30217469595004415,0.4082600605250524,0.16821501104845304
0.37323515572951127,0.4668850941960784,0.3927962072264746,0.13097345153960244,0.019561051960911034,0.33591164265647594,0.3732351552655635,2.303323489831103,1.3899044819598234,10.524094560672618,0.4033234843761822,0.3899044745176408,0.5240945731030549,0.18924188734103548
0.41470572858834587,0.5567055667288017,0.4419462968869151,0.18347040909941856,0.02724056865770358,0.3732351576293831,0.4147057282292115,2.408097585280815,1.491567871308066,10.65686501103556,0.5080975815655602,0.49156786621778503,0.656865019695537,0.2102687637835853
0.45617630144718047,0.6603524240530679,0.49302241154022713,0.24979374966873946,0.036846110687100676,0.41055867438432847,0.4561763008531263,2.5283532527540595,1.608424009065881,10.807716445947666,0.6283532473004398,0.6084240015593632,0.8077164589701292,0.23129564007019077
0.49764687430601506,0.7801814071543701,0.5463166141110727,0.33229921560296205,0.048669740725305104,0.44788219155140807,0.4976468733857675,2.665540747372899,1.7419344417271756,10.977997498184417,0.7655407398258874,0.7419344312869425,0.9779975166763917,0.25232251631437913
0.5391174471648498,0.9188814755414731,0.6021562567126854,0.43367576633959665,0.06303881090668804,0.48520570920187656,0.5391174458059973,2.8213476307492975,1.893797766400447,11.169296409888954,0.9213476207428337,0.893797752481584,1.1692964350940813,0.2733493925061383
0.5805880200236843,1.0795415545938376,0.6609115061039821,0.5570123316712218,0.08032348709011702,0.5225292229226158,0.5805880190138653,2.9977419455310503,2.065992708851353,11.383485075648329,1.0977419388283962,1.0659926994713993,1.383485093041368,0.29437626906101555
0.6220585928825189,1.2657329370067743,0.7230046024164642,0.7058801965346453,0.10094601098761588,0.5598527404721291,0.6220585914288485,3.197026071463382,2.260831931427289,11.622773331788219,1.2970260627436383,1.2608319191421622,1.6227733551569223,0.31540314524936275
0.6635291657413535,1.481611959266747,0.7889213825149346,0.8844357005743041,0.12539221884366952,0.597176258692443,0.663529163671265,3.421904354791761,2.481029614511467,11.889777017314408,1.521904343556179,1.4810295985610258,1.889777048512559,0.3364300213566673
0.704999738600188,1.7320491881656848,0.8592257328211979,1.0975494102465604,0.15422599717577712,0.6344997779191243,0.7049997356454208,3.675568626638057,2.7297869667059174,12.18760356602732,1.775568612135658,1.7297869459352948,2.187603607938927,0.3574568973377036
0.7464703114590227,2.022793588539569,0.9345779302144143,1.3509702897623157,0.18810762304679948,0.6718232987772534,0.7464703071676148,3.9618072860441256,3.0109013007063323,12.519961154084262,2.061807267057804,2.010901273222716,2.519961211573592,0.3784837731055047
0.7879408843178572,2.3606833897202604,1.0157581693748652,1.6515365776819277,0.22781728899563497,0.7091468120383331,0.78794088037923,4.285145784785881,3.3289065161333924,12.891299202658281,2.3851457692851827,2.328906493356358,2.8912992526446057,0.3995106496586645
0.8294114571766918,2.7539199561169454,1.1036970661676153,2.0074496194185203,0.2742856154914719,0.746470336698425,0.8294114506761433,4.65102934002847,3.689255840241305,13.306990838112958,2.751029317435517,2.6892558064296423,3.3069909164883904,0.42053752484352813
0.8708820300355263,3.2124281049955554,1.1995158012526965,2.4286342500744458,0.3286337789704396,0.7837938549211095,0.8708820222822573,5.066063776822073,4.098562650282916,13.773573915674483,3.166063753700839,3.098562614700681,3.7735740047022617,0.4415644006326998
0.9123526028943609,3.7483361714902963,1.304579511091101,2.9272187928932425,0.39222691909923163,0.821117378597054,0.9123525919918694,5.538336457364677,4.564921451541894,14.29907150976973,3.6383364298647427,3.5649214077087814,4.299071629268391,0.46259127551622414
0.9538231757531955,4.376625537965204,1.4205695449279272,3.5181846272704353,0.46674638650099254,0.8584409106947688,0.9538231584269345,6.077850937429069,5.098342531429616,14.893426591424152,4.177850900534776,4.09834247025255,4.893426773074809,0.48361814882827014
0.9952937486120301,5.116023610395983,1.549582755857491,4.220259171579563,0.5542890307484123,0.8957644388164201,0.995293725109079,6.6971247187565295,5.711349725791948,15.56909965543776,4.79712467699736,4.711349653154998,5.569099891578609,0.5046450222327927
1.0367643214708648,5.990253703070918,1.6942704265130457,5.057165741546059,0.6575061335005983,0.9330879615248588,1.0367642930124474,7.4120260221550405,6.419817223661682,16.341905208595264,5.512025979963519,5.419817146283033,6.3419054830879,0.5256718962056366
1.0782348943296995,7.029820461159462,1.8580367013088424,6.059408969344662,0.7798018440768372,0.9704114918147997,1.0782348572320053,8.24296932811989,7.244165130053855,17.232207110714203,6.342969281914396,6.244165040485585,7.232207454773689,0.5466987683958058
1.1197054671885338,8.274619775940257,2.0453286574083327,7.266884763489294,0.9256232328037568,1.0077350124509645,1.1197054246045754,9.216663431376222,8.211107512364126,18.266666702485118,7.316663387259868,7.21110742108885,8.266667082799037,0.5677256420870609
1.1611760400473685,9.777852391822755,2.262071158709344,8.732793853916837,1.100895169972984,1.045058537905918,1.1611759887363597,10.368732332817466,9.356273347592863,19.480863199838904,8.468732289282054,8.356273250121484,9.480863641727183,0.5887525141955698
1.2026466129062032,11.612073815170895,2.5163391549099434,10.529691762759409,1.313692597664888,1.0823820524114858,1.2026465572450549,11.747767647172296,10.728258908824655,20.923346292301062,9.847767609642771,9.728258815700501,10.923346755123202,0.6097793884069922
1.2441171857650377,13.878871695722284,2.81943293856881,12.75916612292176,1.575315817340251,1.1197055728005223,1.244117121228559,13.421810119938906,12.395109341183009,22.662117128741965,11.521810086923116,11.395109246861786,12.662117647475078,0.6308062604017837
1.2855877586238722,16.724997946699716,3.187670690421351,15.567968860796496,1.902083002472501,1.1570290859032228,1.2855876879488493,15.48915544936125,14.45512445745491,24.795434376518333,13.589155424106877,13.455124368311303,14.79543492626705,0.6518331337080434
1.327058331482707,20.370596228737238,3.6455248590313376,19.176243632483647,2.3184666041455566,1.1943525962535921,1.3270582548857814,18.09726107588326,17.055765577703987,27.470720559496698,16.197261059815972,16.055765495718852,17.47072113669006,0.6728600071011219
1.3685289043415414,25.161626330023495,4.23144713167689,23.929950219954808,2.8629183154885496,1.231676110068687,1.3685288161883407,21.477860912146877,20.428770265810712,30.919676729172366,19.577860906295268,19.42877018773718,20.919677373318063,0.6938868777040819
1.409999477200376,31.674715523414402,5.009518641250654,30.405715909189965,3.599519259196087,1.2689996142244355,1.4099993820545682,26.017196997479335,24.960383977750848,35.528514175035745,24.117197004856436,23.960383910970602,25.528514849828966,0.7149137505134125
1.4514700500592108,40.947817645988565,6.095078699524439,39.64149451985687,4.643608770802876,1.306323126131697,1.4514699287215644,32.41051811134094,31.345858745313762,41.99245240558564,30.510518139077824,30.34585868324764,31.992453241549473,0.735940613783686
1.492940622918045,55.05689452332235,7.718800655716479,53.71324790364121,6.225860175894843,1.3436466196811394,1.4929404798216364,42.04835357506706,40.97572690370426,51.701993617332256,40.14835363135966,39.975726859753046,41.70199457581919,0.7569674791270772
1.5344111957768798,78.84587114009307,10.418908978045529,77.4649010385956,8.884497988252889,1.3809701014974645,1.5344109897926401,58.175266423902364,57.09455439983067,67.90167464054763,56.27526654165826,56.094554381511465,57.901675982979434,0.7779943238142691
1.5758817686357145,126.84654104161359,15.810057799695612,125.4282475131812,14.234176355628609,1.418293528432393,1.5758814440670021,90.52493764478986,89.43602493692448,100.32515201557811,88.62493789094313,88.43602498158361,90.32515407517877,0.7990211402243792
1.617352341494549,271.715599409111,31.96522316115595,270.2599826823645,30.34787152901823,1.4556167267464828,1.6173516321377193,187.76417159024496,186.66694561229374,197.63920539180603,185.86417226415836,185.66694587376264,187.63920977772003,0.8200478217465665
